﻿<?xml version="1.0" encoding="utf-8" ?>
<Advertisements>
  <Ad>
    <ImageUrl>1287475985.jpg</ImageUrl>
    <NavigateUrl>http://localhost:1032/SearchDoc/1287475985.jpg</NavigateUrl>
    <AlternateText>Apress - The Author's Press</AlternateText>
    <Impressions>5</Impressions>
    <Keyword>books</Keyword>
  </Ad>
  <Ad>
    <ImageUrl>1287476006.jpg</ImageUrl>
    <NavigateUrl>http://localhost:1032/SearchDoc/1287476006.jpg </NavigateUrl>
    <AlternateText>TechEd from Microsoft</AlternateText>
    <Impressions>5</Impressions>
    <Keyword>Java</Keyword>
  </Ad>
  <!--<Ad>
    <ImageUrl>images.jpg</ImageUrl>
    <NavigateUrl> http://localhost:1143/Adrotatorwithajax/images.jpg </NavigateUrl>
    <AlternateText>TechEd from Microsoft</AlternateText>
    <Impressions>5</Impressions>
    <Keyword>Java</Keyword>
  </Ad>-->
  <Ad>
    <ImageUrl>heart-heart-tips1.jpg</ImageUrl>
    <NavigateUrl> http://localhost:1032/SearchDoc/Application </NavigateUrl>
    <AlternateText>TechEd from Microsoft</AlternateText>
    <Impressions>5</Impressions>
    <Keyword>Java</Keyword>
  </Ad>
  <Ad>
    <ImageUrl>Holistic-Health-Tips_3.png</ImageUrl>
    <NavigateUrl> http://localhost:1032/SearchDoc/Application  </NavigateUrl>
    <AlternateText>TechEd from Microsoft</AlternateText>
    <Impressions>5</Impressions>
    <Keyword>Java</Keyword>
  </Ad>
</Advertisements>